[{"model": "auth.permission", "pk": 1, "fields": {"name": "Can add log entry", "content_type": 1, "codename": "add_logentry"}}, {"model": "auth.permission", "pk": 2, "fields": {"name": "Can change log entry", "content_type": 1, "codename": "change_logentry"}}, {"model": "auth.permission", "pk": 3, "fields": {"name": "Can delete log entry", "content_type": 1, "codename": "delete_logentry"}}, {"model": "auth.permission", "pk": 4, "fields": {"name": "Can view log entry", "content_type": 1, "codename": "view_logentry"}}, {"model": "auth.permission", "pk": 5, "fields": {"name": "Can add permission", "content_type": 2, "codename": "add_permission"}}, {"model": "auth.permission", "pk": 6, "fields": {"name": "Can change permission", "content_type": 2, "codename": "change_permission"}}, {"model": "auth.permission", "pk": 7, "fields": {"name": "Can delete permission", "content_type": 2, "codename": "delete_permission"}}, {"model": "auth.permission", "pk": 8, "fields": {"name": "Can view permission", "content_type": 2, "codename": "view_permission"}}, {"model": "auth.permission", "pk": 9, "fields": {"name": "Can add group", "content_type": 3, "codename": "add_group"}}, {"model": "auth.permission", "pk": 10, "fields": {"name": "Can change group", "content_type": 3, "codename": "change_group"}}, {"model": "auth.permission", "pk": 11, "fields": {"name": "Can delete group", "content_type": 3, "codename": "delete_group"}}, {"model": "auth.permission", "pk": 12, "fields": {"name": "Can view group", "content_type": 3, "codename": "view_group"}}, {"model": "auth.permission", "pk": 13, "fields": {"name": "Can add user", "content_type": 4, "codename": "add_user"}}, {"model": "auth.permission", "pk": 14, "fields": {"name": "Can change user", "content_type": 4, "codename": "change_user"}}, {"model": "auth.permission", "pk": 15, "fields": {"name": "Can delete user", "content_type": 4, "codename": "delete_user"}}, {"model": "auth.permission", "pk": 16, "fields": {"name": "Can view user", "content_type": 4, "codename": "view_user"}}, {"model": "auth.permission", "pk": 17, "fields": {"name": "Can add content type", "content_type": 5, "codename": "add_contenttype"}}, {"model": "auth.permission", "pk": 18, "fields": {"name": "Can change content type", "content_type": 5, "codename": "change_contenttype"}}, {"model": "auth.permission", "pk": 19, "fields": {"name": "Can delete content type", "content_type": 5, "codename": "delete_contenttype"}}, {"model": "auth.permission", "pk": 20, "fields": {"name": "Can view content type", "content_type": 5, "codename": "view_contenttype"}}, {"model": "auth.permission", "pk": 21, "fields": {"name": "Can add session", "content_type": 6, "codename": "add_session"}}, {"model": "auth.permission", "pk": 22, "fields": {"name": "Can change session", "content_type": 6, "codename": "change_session"}}, {"model": "auth.permission", "pk": 23, "fields": {"name": "Can delete session", "content_type": 6, "codename": "delete_session"}}, {"model": "auth.permission", "pk": 24, "fields": {"name": "Can view session", "content_type": 6, "codename": "view_session"}}, {"model": "auth.permission", "pk": 25, "fields": {"name": "Can add author", "content_type": 7, "codename": "add_author"}}, {"model": "auth.permission", "pk": 26, "fields": {"name": "Can change author", "content_type": 7, "codename": "change_author"}}, {"model": "auth.permission", "pk": 27, "fields": {"name": "Can delete author", "content_type": 7, "codename": "delete_author"}}, {"model": "auth.permission", "pk": 28, "fields": {"name": "Can view author", "content_type": 7, "codename": "view_author"}}, {"model": "auth.permission", "pk": 29, "fields": {"name": "Can add publisher", "content_type": 8, "codename": "add_publisher"}}, {"model": "auth.permission", "pk": 30, "fields": {"name": "Can change publisher", "content_type": 8, "codename": "change_publisher"}}, {"model": "auth.permission", "pk": 31, "fields": {"name": "Can delete publisher", "content_type": 8, "codename": "delete_publisher"}}, {"model": "auth.permission", "pk": 32, "fields": {"name": "Can view publisher", "content_type": 8, "codename": "view_publisher"}}, {"model": "auth.permission", "pk": 33, "fields": {"name": "Can add book", "content_type": 9, "codename": "add_book"}}, {"model": "auth.permission", "pk": 34, "fields": {"name": "Can change book", "content_type": 9, "codename": "change_book"}}, {"model": "auth.permission", "pk": 35, "fields": {"name": "Can delete book", "content_type": 9, "codename": "delete_book"}}, {"model": "auth.permission", "pk": 36, "fields": {"name": "Can view book", "content_type": 9, "codename": "view_book"}}, {"model": "contenttypes.contenttype", "pk": 1, "fields": {"app_label": "admin", "model": "logentry"}}, {"model": "contenttypes.contenttype", "pk": 2, "fields": {"app_label": "auth", "model": "permission"}}, {"model": "contenttypes.contenttype", "pk": 3, "fields": {"app_label": "auth", "model": "group"}}, {"model": "contenttypes.contenttype", "pk": 4, "fields": {"app_label": "auth", "model": "user"}}, {"model": "contenttypes.contenttype", "pk": 5, "fields": {"app_label": "contenttypes", "model": "contenttype"}}, {"model": "contenttypes.contenttype", "pk": 6, "fields": {"app_label": "sessions", "model": "session"}}, {"model": "contenttypes.contenttype", "pk": 7, "fields": {"app_label": "api", "model": "author"}}, {"model": "contenttypes.contenttype", "pk": 8, "fields": {"app_label": "api", "model": "publisher"}}, {"model": "contenttypes.contenttype", "pk": 9, "fields": {"app_label": "api", "model": "book"}}, {"model": "api.author", "pk": 1, "fields": {"name": "Holly Gonzalez", "age": 26}}, {"model": "api.author", "pk": 2, "fields": {"name": "Tiffany Burnett", "age": 96}}, {"model": "api.author", "pk": 3, "fields": {"name": "Daniel Hines", "age": 54}}, {"model": "api.author", "pk": 4, "fields": {"name": "Michael Mitchell", "age": 68}}, {"model": "api.author", "pk": 5, "fields": {"name": "Justin Le", "age": 82}}, {"model": "api.author", "pk": 6, "fields": {"name": "Jay Freeman", "age": 92}}, {"model": "api.author", "pk": 7, "fields": {"name": "Robert Williams", "age": 46}}, {"model": "api.author", "pk": 8, "fields": {"name": "George Vang", "age": 20}}, {"model": "api.author", "pk": 9, "fields": {"name": "Amanda Lee", "age": 79}}, {"model": "api.author", "pk": 10, "fields": {"name": "Tyler Collins", "age": 47}}, {"model": "api.publisher", "pk": 1, "fields": {"name": "Publisher1"}}, {"model": "api.publisher", "pk": 2, "fields": {"name": "Publisher2"}}, {"model": "api.publisher", "pk": 3, "fields": {"name": "Publisher3"}}, {"model": "api.publisher", "pk": 4, "fields": {"name": "Publisher4"}}, {"model": "api.publisher", "pk": 5, "fields": {"name": "Publisher5"}}, {"model": "api.book", "pk": 2, "fields": {"name": "Relationship", "pages": 321, "price": "306.30", "rating": 6.0, "publisher": 1, "pubdate": "2004-12-13", "authors": [1]}}, {"model": "api.book", "pk": 5, "fields": {"name": "During", "pages": 615, "price": "607.51", "rating": 10.0, "publisher": 1, "pubdate": "2015-11-24", "authors": [5]}}, {"model": "api.book", "pk": 6, "fields": {"name": "Able", "pages": 671, "price": "310.95", "rating": 2.0, "publisher": 1, "pubdate": "1985-04-24", "authors": [4]}}, {"model": "api.book", "pk": 8, "fields": {"name": "Art", "pages": 381, "price": "431.35", "rating": 6.0, "publisher": 1, "pubdate": "2006-10-01", "authors": [10]}}, {"model": "api.book", "pk": 9, "fields": {"name": "Theory", "pages": 935, "price": "836.20", "rating": 2.0, "publisher": 1, "pubdate": "2007-12-21", "authors": [6]}}, {"model": "api.book", "pk": 10, "fields": {"name": "Property", "pages": 100, "price": "685.54", "rating": 9.0, "publisher": 1, "pubdate": "2005-12-12", "authors": [8]}}, {"model": "api.book", "pk": 11, "fields": {"name": "Establish", "pages": 403, "price": "499.56", "rating": 6.0, "publisher": 1, "pubdate": "2016-03-01", "authors": [1]}}, {"model": "api.book", "pk": 12, "fields": {"name": "Tonight", "pages": 603, "price": "582.04", "rating": 4.0, "publisher": 1, "pubdate": "2020-07-13", "authors": [7]}}, {"model": "api.book", "pk": 13, "fields": {"name": "Least", "pages": 359, "price": "607.83", "rating": 8.0, "publisher": 1, "pubdate": "1993-11-11", "authors": [9]}}, {"model": "api.book", "pk": 14, "fields": {"name": "Be", "pages": 1019, "price": "732.18", "rating": 6.0, "publisher": 1, "pubdate": "1971-02-16", "authors": [7]}}, {"model": "api.book", "pk": 15, "fields": {"name": "Hour", "pages": 1033, "price": "681.31", "rating": 4.0, "publisher": 1, "pubdate": "1985-12-10", "authors": [8]}}, {"model": "api.book", "pk": 16, "fields": {"name": "Sport", "pages": 1048, "price": "796.81", "rating": 6.0, "publisher": 1, "pubdate": "2000-03-07", "authors": [7]}}, {"model": "api.book", "pk": 17, "fields": {"name": "Those", "pages": 652, "price": "882.53", "rating": 3.0, "publisher": 1, "pubdate": "1974-12-28", "authors": [8]}}, {"model": "api.book", "pk": 18, "fields": {"name": "Democratic", "pages": 170, "price": "819.81", "rating": 2.0, "publisher": 1, "pubdate": "1980-09-17", "authors": [9]}}, {"model": "api.book", "pk": 19, "fields": {"name": "Find", "pages": 582, "price": "788.31", "rating": 10.0, "publisher": 1, "pubdate": "1991-02-26", "authors": [1]}}, {"model": "api.book", "pk": 20, "fields": {"name": "State", "pages": 464, "price": "679.86", "rating": 2.0, "publisher": 1, "pubdate": "1999-06-12", "authors": [1]}}, {"model": "api.book", "pk": 21, "fields": {"name": "Realize", "pages": 1081, "price": "643.27", "rating": 2.0, "publisher": 2, "pubdate": "2021-02-08", "authors": [8]}}, {"model": "api.book", "pk": 22, "fields": {"name": "Teach", "pages": 1001, "price": "338.66", "rating": 6.0, "publisher": 2, "pubdate": "1991-03-23", "authors": [2]}}, {"model": "api.book", "pk": 23, "fields": {"name": "Ten", "pages": 946, "price": "781.43", "rating": 8.0, "publisher": 2, "pubdate": "2005-01-21", "authors": [5]}}, {"model": "api.book", "pk": 24, "fields": {"name": "Change", "pages": 946, "price": "754.17", "rating": 6.0, "publisher": 2, "pubdate": "2020-06-06", "authors": [3]}}, {"model": "api.book", "pk": 25, "fields": {"name": "Only", "pages": 558, "price": "600.12", "rating": 5.0, "publisher": 2, "pubdate": "1992-03-18", "authors": [5]}}, {"model": "api.book", "pk": 26, "fields": {"name": "Fight", "pages": 1031, "price": "708.01", "rating": 9.0, "publisher": 2, "pubdate": "1971-11-02", "authors": [7]}}, {"model": "api.book", "pk": 27, "fields": {"name": "Magazine", "pages": 206, "price": "570.05", "rating": 1.0, "publisher": 2, "pubdate": "1979-07-07", "authors": [4]}}, {"model": "api.book", "pk": 28, "fields": {"name": "Mother", "pages": 256, "price": "323.26", "rating": 9.0, "publisher": 2, "pubdate": "1999-07-06", "authors": [2]}}, {"model": "api.book", "pk": 29, "fields": {"name": "Whatever", "pages": 546, "price": "772.58", "rating": 7.0, "publisher": 2, "pubdate": "1979-11-07", "authors": [5]}}, {"model": "api.book", "pk": 30, "fields": {"name": "Organization", "pages": 239, "price": "734.36", "rating": 10.0, "publisher": 2, "pubdate": "1971-10-31", "authors": [4]}}, {"model": "api.book", "pk": 31, "fields": {"name": "Factor", "pages": 884, "price": "605.15", "rating": 6.0, "publisher": 2, "pubdate": "2014-11-20", "authors": [2]}}, {"model": "api.book", "pk": 32, "fields": {"name": "International", "pages": 715, "price": "887.38", "rating": 1.0, "publisher": 2, "pubdate": "2001-05-22", "authors": [5]}}, {"model": "api.book", "pk": 33, "fields": {"name": "Say", "pages": 146, "price": "422.49", "rating": 3.0, "publisher": 2, "pubdate": "1974-12-24", "authors": [3]}}, {"model": "api.book", "pk": 34, "fields": {"name": "Easy", "pages": 315, "price": "869.49", "rating": 5.0, "publisher": 2, "pubdate": "2014-08-19", "authors": [6]}}, {"model": "api.book", "pk": 35, "fields": {"name": "Describe", "pages": 614, "price": "306.63", "rating": 5.0, "publisher": 2, "pubdate": "1996-10-10", "authors": [3]}}, {"model": "api.book", "pk": 36, "fields": {"name": "Ten", "pages": 129, "price": "455.41", "rating": 10.0, "publisher": 2, "pubdate": "1999-07-16", "authors": [6]}}, {"model": "api.book", "pk": 37, "fields": {"name": "Become", "pages": 305, "price": "882.73", "rating": 1.0, "publisher": 2, "pubdate": "2021-05-13", "authors": [2]}}, {"model": "api.book", "pk": 38, "fields": {"name": "Stand", "pages": 354, "price": "870.86", "rating": 4.0, "publisher": 2, "pubdate": "1987-11-07", "authors": [9]}}, {"model": "api.book", "pk": 39, "fields": {"name": "Expert", "pages": 759, "price": "795.32", "rating": 5.0, "publisher": 2, "pubdate": "1977-05-11", "authors": [7]}}, {"model": "api.book", "pk": 40, "fields": {"name": "Use", "pages": 652, "price": "302.90", "rating": 5.0, "publisher": 2, "pubdate": "2014-07-02", "authors": [3]}}, {"model": "api.book", "pk": 41, "fields": {"name": "Safe", "pages": 1094, "price": "626.30", "rating": 1.0, "publisher": 3, "pubdate": "1997-02-02", "authors": [6]}}, {"model": "api.book", "pk": 42, "fields": {"name": "During", "pages": 544, "price": "850.50", "rating": 1.0, "publisher": 3, "pubdate": "1989-02-07", "authors": [3]}}, {"model": "api.book", "pk": 43, "fields": {"name": "Rate", "pages": 146, "price": "703.30", "rating": 5.0, "publisher": 3, "pubdate": "1992-10-18", "authors": [6]}}, {"model": "api.book", "pk": 44, "fields": {"name": "Fund", "pages": 472, "price": "549.72", "rating": 10.0, "publisher": 3, "pubdate": "2015-09-29", "authors": [1]}}, {"model": "api.book", "pk": 45, "fields": {"name": "Per", "pages": 983, "price": "332.14", "rating": 3.0, "publisher": 3, "pubdate": "2015-02-27", "authors": [10]}}, {"model": "api.book", "pk": 46, "fields": {"name": "Spring", "pages": 1065, "price": "881.79", "rating": 7.0, "publisher": 3, "pubdate": "1998-10-18", "authors": [2]}}, {"model": "api.book", "pk": 47, "fields": {"name": "Try", "pages": 225, "price": "542.90", "rating": 3.0, "publisher": 3, "pubdate": "1992-03-16", "authors": [7]}}, {"model": "api.book", "pk": 48, "fields": {"name": "Enjoy", "pages": 728, "price": "538.65", "rating": 2.0, "publisher": 3, "pubdate": "1975-08-18", "authors": [2]}}, {"model": "api.book", "pk": 49, "fields": {"name": "Father", "pages": 164, "price": "586.01", "rating": 6.0, "publisher": 3, "pubdate": "1974-09-11", "authors": [4]}}, {"model": "api.book", "pk": 50, "fields": {"name": "Performance", "pages": 183, "price": "406.08", "rating": 4.0, "publisher": 3, "pubdate": "2016-06-22", "authors": [4]}}, {"model": "api.book", "pk": 51, "fields": {"name": "Nearly", "pages": 466, "price": "655.74", "rating": 2.0, "publisher": 3, "pubdate": "1991-06-19", "authors": [1]}}, {"model": "api.book", "pk": 52, "fields": {"name": "Himself", "pages": 1082, "price": "673.05", "rating": 9.0, "publisher": 3, "pubdate": "2018-03-06", "authors": [3]}}, {"model": "api.book", "pk": 53, "fields": {"name": "Play", "pages": 882, "price": "761.35", "rating": 4.0, "publisher": 3, "pubdate": "2013-06-08", "authors": [6]}}, {"model": "api.book", "pk": 54, "fields": {"name": "Red", "pages": 1042, "price": "461.19", "rating": 7.0, "publisher": 3, "pubdate": "1973-08-02", "authors": [10]}}, {"model": "api.book", "pk": 55, "fields": {"name": "Similar", "pages": 543, "price": "799.58", "rating": 7.0, "publisher": 3, "pubdate": "1998-06-06", "authors": [8]}}, {"model": "api.book", "pk": 56, "fields": {"name": "Consider", "pages": 329, "price": "803.36", "rating": 10.0, "publisher": 3, "pubdate": "1995-10-05", "authors": [5]}}, {"model": "api.book", "pk": 57, "fields": {"name": "Pay", "pages": 338, "price": "374.23", "rating": 7.0, "publisher": 3, "pubdate": "1973-08-19", "authors": [5]}}, {"model": "api.book", "pk": 58, "fields": {"name": "Next", "pages": 1020, "price": "813.21", "rating": 6.0, "publisher": 3, "pubdate": "1974-12-11", "authors": [5]}}, {"model": "api.book", "pk": 59, "fields": {"name": "Them", "pages": 173, "price": "579.49", "rating": 4.0, "publisher": 3, "pubdate": "1971-04-09", "authors": [5]}}, {"model": "api.book", "pk": 60, "fields": {"name": "Collection", "pages": 673, "price": "562.19", "rating": 1.0, "publisher": 3, "pubdate": "1984-09-06", "authors": [6]}}, {"model": "api.book", "pk": 61, "fields": {"name": "Organization", "pages": 233, "price": "355.06", "rating": 10.0, "publisher": 4, "pubdate": "1998-05-17", "authors": [5]}}, {"model": "api.book", "pk": 62, "fields": {"name": "Likely", "pages": 270, "price": "513.56", "rating": 8.0, "publisher": 4, "pubdate": "1973-05-29", "authors": [3]}}, {"model": "api.book", "pk": 63, "fields": {"name": "Oil", "pages": 273, "price": "390.14", "rating": 5.0, "publisher": 4, "pubdate": "2017-02-21", "authors": [5]}}, {"model": "api.book", "pk": 64, "fields": {"name": "Southern", "pages": 765, "price": "757.80", "rating": 4.0, "publisher": 4, "pubdate": "1984-02-21", "authors": [7]}}, {"model": "api.book", "pk": 65, "fields": {"name": "New", "pages": 697, "price": "838.04", "rating": 3.0, "publisher": 4, "pubdate": "2010-06-30", "authors": [1]}}, {"model": "api.book", "pk": 66, "fields": {"name": "Plan", "pages": 774, "price": "379.19", "rating": 8.0, "publisher": 4, "pubdate": "1973-07-02", "authors": [7]}}, {"model": "api.book", "pk": 67, "fields": {"name": "Something", "pages": 1074, "price": "706.84", "rating": 1.0, "publisher": 4, "pubdate": "2016-08-09", "authors": [2]}}, {"model": "api.book", "pk": 68, "fields": {"name": "Every", "pages": 827, "price": "714.84", "rating": 4.0, "publisher": 4, "pubdate": "1991-10-26", "authors": [6]}}, {"model": "api.book", "pk": 69, "fields": {"name": "Maybe", "pages": 155, "price": "688.75", "rating": 1.0, "publisher": 4, "pubdate": "2013-04-09", "authors": [7]}}, {"model": "api.book", "pk": 70, "fields": {"name": "Control", "pages": 492, "price": "868.29", "rating": 2.0, "publisher": 4, "pubdate": "1976-07-18", "authors": [4]}}, {"model": "api.book", "pk": 71, "fields": {"name": "Crime", "pages": 995, "price": "335.11", "rating": 7.0, "publisher": 4, "pubdate": "1978-02-16", "authors": [1]}}, {"model": "api.book", "pk": 72, "fields": {"name": "Night", "pages": 784, "price": "541.08", "rating": 6.0, "publisher": 4, "pubdate": "1988-11-04", "authors": [1]}}, {"model": "api.book", "pk": 73, "fields": {"name": "Movement", "pages": 125, "price": "822.93", "rating": 10.0, "publisher": 4, "pubdate": "2011-02-04", "authors": [1]}}, {"model": "api.book", "pk": 74, "fields": {"name": "City", "pages": 886, "price": "758.64", "rating": 1.0, "publisher": 4, "pubdate": "1989-02-09", "authors": [2]}}, {"model": "api.book", "pk": 75, "fields": {"name": "Actually", "pages": 270, "price": "331.59", "rating": 2.0, "publisher": 4, "pubdate": "2007-04-25", "authors": [3]}}, {"model": "api.book", "pk": 76, "fields": {"name": "Other", "pages": 672, "price": "487.16", "rating": 7.0, "publisher": 4, "pubdate": "1982-06-09", "authors": [6]}}, {"model": "api.book", "pk": 77, "fields": {"name": "Computer", "pages": 320, "price": "317.99", "rating": 9.0, "publisher": 4, "pubdate": "1976-09-05", "authors": [6]}}, {"model": "api.book", "pk": 78, "fields": {"name": "Of", "pages": 242, "price": "842.49", "rating": 3.0, "publisher": 4, "pubdate": "2003-12-29", "authors": [10]}}, {"model": "api.book", "pk": 79, "fields": {"name": "Money", "pages": 468, "price": "758.76", "rating": 10.0, "publisher": 4, "pubdate": "2001-08-24", "authors": [7]}}, {"model": "api.book", "pk": 80, "fields": {"name": "Above", "pages": 282, "price": "304.34", "rating": 4.0, "publisher": 4, "pubdate": "1979-07-22", "authors": [7]}}, {"model": "api.book", "pk": 81, "fields": {"name": "Personal", "pages": 437, "price": "512.06", "rating": 3.0, "publisher": 5, "pubdate": "1984-07-22", "authors": [10]}}, {"model": "api.book", "pk": 82, "fields": {"name": "Security", "pages": 664, "price": "808.64", "rating": 4.0, "publisher": 5, "pubdate": "2000-01-16", "authors": [1]}}, {"model": "api.book", "pk": 83, "fields": {"name": "Choose", "pages": 395, "price": "368.31", "rating": 2.0, "publisher": 5, "pubdate": "2014-05-17", "authors": [5]}}, {"model": "api.book", "pk": 84, "fields": {"name": "Fight", "pages": 1027, "price": "789.90", "rating": 1.0, "publisher": 5, "pubdate": "1999-01-27", "authors": [8]}}, {"model": "api.book", "pk": 85, "fields": {"name": "Series", "pages": 190, "price": "772.27", "rating": 6.0, "publisher": 5, "pubdate": "2006-07-24", "authors": [8]}}, {"model": "api.book", "pk": 86, "fields": {"name": "Night", "pages": 221, "price": "545.83", "rating": 3.0, "publisher": 5, "pubdate": "1973-10-05", "authors": [1]}}, {"model": "api.book", "pk": 87, "fields": {"name": "Against", "pages": 829, "price": "838.02", "rating": 4.0, "publisher": 5, "pubdate": "1976-04-09", "authors": [7]}}, {"model": "api.book", "pk": 88, "fields": {"name": "Participant", "pages": 714, "price": "422.60", "rating": 9.0, "publisher": 5, "pubdate": "1999-02-03", "authors": [9]}}, {"model": "api.book", "pk": 89, "fields": {"name": "Machine", "pages": 657, "price": "490.27", "rating": 1.0, "publisher": 5, "pubdate": "2019-05-15", "authors": [8]}}, {"model": "api.book", "pk": 90, "fields": {"name": "Black", "pages": 204, "price": "429.01", "rating": 5.0, "publisher": 5, "pubdate": "2002-12-04", "authors": [3]}}, {"model": "api.book", "pk": 91, "fields": {"name": "Television", "pages": 429, "price": "887.27", "rating": 5.0, "publisher": 5, "pubdate": "1982-11-29", "authors": [8]}}, {"model": "api.book", "pk": 92, "fields": {"name": "Now", "pages": 657, "price": "685.84", "rating": 10.0, "publisher": 5, "pubdate": "2020-11-28", "authors": [5]}}, {"model": "api.book", "pk": 93, "fields": {"name": "Something", "pages": 263, "price": "719.16", "rating": 3.0, "publisher": 5, "pubdate": "1997-01-18", "authors": [6]}}, {"model": "api.book", "pk": 94, "fields": {"name": "Company", "pages": 876, "price": "704.59", "rating": 4.0, "publisher": 5, "pubdate": "1974-04-13", "authors": [4]}}, {"model": "api.book", "pk": 95, "fields": {"name": "Meeting", "pages": 352, "price": "798.62", "rating": 1.0, "publisher": 5, "pubdate": "1984-12-23", "authors": [8]}}, {"model": "api.book", "pk": 96, "fields": {"name": "System", "pages": 347, "price": "567.37", "rating": 3.0, "publisher": 5, "pubdate": "1973-06-18", "authors": [8]}}, {"model": "api.book", "pk": 97, "fields": {"name": "General", "pages": 762, "price": "832.54", "rating": 10.0, "publisher": 5, "pubdate": "2015-10-18", "authors": [1]}}, {"model": "api.book", "pk": 98, "fields": {"name": "Half", "pages": 476, "price": "833.62", "rating": 7.0, "publisher": 5, "pubdate": "1978-03-07", "authors": [5]}}, {"model": "api.book", "pk": 99, "fields": {"name": "Think", "pages": 719, "price": "713.26", "rating": 8.0, "publisher": 5, "pubdate": "2011-07-03", "authors": [3]}}, {"model": "api.book", "pk": 100, "fields": {"name": "Involve", "pages": 697, "price": "791.90", "rating": 1.0, "publisher": 5, "pubdate": "1984-02-17", "authors": [8]}}]